V For Vendetta,"Following world war, London is a police state occupied by a fascist government, and a vigilante known only as V (Hugo Weaving) uses terrorist tactics to fight the oppressors of the world in which he now lives. When V saves a young woman named Evey (Natalie Portman) from the secret police, he discovers an ally in his fight against England's oppressors.",1,SINGLE_EDITION,5,
,,1,SERIES_EDITION,5,1
,,2,SERIES_EDITION,5,1
,,3,SERIES_EDITION,5,1
,,4,SERIES_EDITION,5,1
,,5,SERIES_EDITION,5,1
,,6,SERIES_EDITION,5,1
,,7,SERIES_EDITION,5,1
,,8,SERIES_EDITION,5,1
,,9,SERIES_EDITION,5,1
,,10,SERIES_EDITION,5,1
